{"cameraMode":{"drawMode":0,"name":"Shaded","section":"Shading Mode"},"sceneLighting":false,"audioPlay":false,"sceneViewState":{"m_AlwaysRefresh":false,"showFog":true,"showSkybox":false,"showFlares":true,"showImageEffects":true,"showParticleSystems":true,"showVisualEffectGraphs":true,"m_FxEnabled":true},"in2DMode":false,"pivot":{"x":0.5941067934036255,"y":3.504885196685791,"z":-6.1325836181640629},"rotation":{"x":-0.02580394595861435,"y":0.01709110662341118,"z":-0.00043638082570396364,"w":-0.999530553817749},"size":1.6810781955718995,"orthographic":false}